web-scraper-order,web-scraper-start-url,zeige-alles,zeige-alles-href,subpages,subpages-href,durchschnitt-raw,unten-oben-raw
"1701727323-189","https://realadvisor.ch/de/immobilienpreise-pro-m2/kanton-aargau","","","Windisch","https://realadvisor.ch/de/immobilienpreise-pro-m2/5210-windisch","CHF 7’246","CHF 5’701 – 10’928*"
"1701727324-1","https://realadvisor.ch/de/immobilienpreise-pro-m2/kanton-aargau","","","Wiliberg","https://realadvisor.ch/de/immobilienpreise-pro-m2/5058-wiliberg","CHF 5’768","CHF 3’934 – 8’410*"
"1701727325-190","https://realadvisor.ch/de/immobilienpreise-pro-m2/kanton-aargau","","","Gränichen","https://realadvisor.ch/de/immobilienpreise-pro-m2/5722-granichen","CHF 6’271","CHF 4’892 – 9’377*"
"1701727326-2","https://realadvisor.ch/de/immobilienpreise-pro-m2/kanton-aargau","","","Böbikon","https://realadvisor.ch/de/immobilienpreise-pro-m2/5334-bobikon","N / A",""
"1701727327-191","https://realadvisor.ch/de/immobilienpreise-pro-m2/kanton-aargau","","","Bremgarten (AG)","https://realadvisor.ch/de/immobilienpreise-pro-m2/gemeinde-bremgarten-ag","CHF 7’772","CHF 5’559 – 10’657*"
"1701727328-3","https://realadvisor.ch/de/immobilienpreise-pro-m2/kanton-aargau","","","Geltwil","https://realadvisor.ch/de/immobilienpreise-pro-m2/5637-geltwil","N / A",""
"1701727329-192","https://realadvisor.ch/de/immobilienpreise-pro-m2/kanton-aargau","","","Muri (AG)","https://realadvisor.ch/de/immobilienpreise-pro-m2/5630-muri-ag","CHF 7’562","CHF 5’498 – 10’539*"
"1701727330-4","https://realadvisor.ch/de/immobilienpreise-pro-m2/kanton-aargau","","","Mellikon","https://realadvisor.ch/de/immobilienpreise-pro-m2/5465-mellikon","CHF 6’946","CHF 4’737 – 10’127*"
"1701727331-193","https://realadvisor.ch/de/immobilienpreise-pro-m2/kanton-aargau","","","Buchs (AG)","https://realadvisor.ch/de/immobilienpreise-pro-m2/5033-buchs-ag","CHF 6’619","CHF 5’527 – 10’595*"
"1701727332-5","https://realadvisor.ch/de/immobilienpreise-pro-m2/kanton-aargau","","","Baldingen","https://realadvisor.ch/de/immobilienpreise-pro-m2/5333-baldingen","CHF 6’413","CHF 4’374 – 9’350*"
"1701727333-194","https://realadvisor.ch/de/immobilienpreise-pro-m2/kanton-aargau","","","Aarburg","https://realadvisor.ch/de/immobilienpreise-pro-m2/4663-aarburg","CHF 5’876","CHF 4’450 – 8’531*"
"1701727334-6","https://realadvisor.ch/de/immobilienpreise-pro-m2/kanton-aargau","","","Elfingen","https://realadvisor.ch/de/immobilienpreise-pro-m2/5077-elfingen","CHF 6’492","CHF 4’428 – 9’465*"
"1701727335-195","https://realadvisor.ch/de/immobilienpreise-pro-m2/kanton-aargau","","","Oberentfelden","https://realadvisor.ch/de/immobilienpreise-pro-m2/5036-oberentfelden","CHF 6’035","CHF 4’614 – 8’844*"
"1701727336-7","https://realadvisor.ch/de/immobilienpreise-pro-m2/kanton-aargau","","","Rümikon","https://realadvisor.ch/de/immobilienpreise-pro-m2/5464-rumikon-ag","CHF 5’728","CHF 3’907 – 8’351*"
"1701727337-196","https://realadvisor.ch/de/immobilienpreise-pro-m2/kanton-aargau","","","Reinach (AG)","https://realadvisor.ch/de/immobilienpreise-pro-m2/5734-reinach-ag","CHF 5’829","CHF 4’276 – 8’196*"
"1701727338-8","https://realadvisor.ch/de/immobilienpreise-pro-m2/kanton-aargau","","","Mandach","https://realadvisor.ch/de/immobilienpreise-pro-m2/5318-mandach","CHF 6’300","CHF 4’297 – 9’185*"
"1701727339-197","https://realadvisor.ch/de/immobilienpreise-pro-m2/kanton-aargau","","","Obersiggenthal","https://realadvisor.ch/de/immobilienpreise-pro-m2/gemeinde-obersiggenthal","CHF 8’492","CHF 5’962 – 11’429*"
"1701727340-9","https://realadvisor.ch/de/immobilienpreise-pro-m2/kanton-aargau","","","Wislikofen","https://realadvisor.ch/de/immobilienpreise-pro-m2/5463-wislikofen","N / A",""
"1701727342-10","https://realadvisor.ch/de/immobilienpreise-pro-m2/kanton-aargau","","","Olsberg","https://realadvisor.ch/de/immobilienpreise-pro-m2/4305-olsberg","CHF 6’725","CHF 4’586 – 9’805*"
"1701727342-198","https://realadvisor.ch/de/immobilienpreise-pro-m2/kanton-aargau","","","Neuenhof","https://realadvisor.ch/de/immobilienpreise-pro-m2/5432-neuenhof","CHF 8’621","CHF 5’919 – 11’346*"
"1701727343-199","https://realadvisor.ch/de/immobilienpreise-pro-m2/kanton-aargau","","","Rothrist","https://realadvisor.ch/de/immobilienpreise-pro-m2/4852-rothrist","CHF 6’463","CHF 4’616 – 8’849*"
"1701727344-11","https://realadvisor.ch/de/immobilienpreise-pro-m2/kanton-aargau","","","Kallern","https://realadvisor.ch/de/immobilienpreise-pro-m2/5625-kallern","CHF 6’685","CHF 4’559 – 9’747*"
"1701727345-200","https://realadvisor.ch/de/immobilienpreise-pro-m2/kanton-aargau","","","Suhr","https://realadvisor.ch/de/immobilienpreise-pro-m2/5034-suhr","CHF 6’626","CHF 5’354 – 10’262*"
"1701727346-12","https://realadvisor.ch/de/immobilienpreise-pro-m2/kanton-aargau","","","Mönthal","https://realadvisor.ch/de/immobilienpreise-pro-m2/5237-monthal","CHF 6’228","CHF 4’248 – 9’080*"
"1701727347-201","https://realadvisor.ch/de/immobilienpreise-pro-m2/kanton-aargau","","","Lenzburg","https://realadvisor.ch/de/immobilienpreise-pro-m2/5600-lenzburg","CHF 7’121","CHF 5’531 – 10’601*"
"1701727348-13","https://realadvisor.ch/de/immobilienpreise-pro-m2/kanton-aargau","","","Kaiserstuhl","https://realadvisor.ch/de/immobilienpreise-pro-m2/5466-kaiserstuhl-ag","CHF 5’415","CHF 3’693 – 7’895*"
"1701727349-202","https://realadvisor.ch/de/immobilienpreise-pro-m2/kanton-aargau","","","Möhlin","https://realadvisor.ch/de/immobilienpreise-pro-m2/4313-mohlin","CHF 7’820","CHF 5’390 – 10’333*"
"1701727350-14","https://realadvisor.ch/de/immobilienpreise-pro-m2/kanton-aargau","","","Habsburg","https://realadvisor.ch/de/immobilienpreise-pro-m2/5245-habsburg","CHF 7’369","CHF 5’026 – 10’744*"
"1701727352-15","https://realadvisor.ch/de/immobilienpreise-pro-m2/kanton-aargau","","","Leimbach (AG)","https://realadvisor.ch/de/immobilienpreise-pro-m2/5733-leimbach-ag","CHF 5’850","CHF 3’990 – 8’529*"
"1701727352-203","https://realadvisor.ch/de/immobilienpreise-pro-m2/kanton-aargau","","","Brugg","https://realadvisor.ch/de/immobilienpreise-pro-m2/stadt-brugg","CHF 7’224","CHF 5’270 – 10’102*"
"1701727353-204","https://realadvisor.ch/de/immobilienpreise-pro-m2/kanton-aargau","","","Zofingen","https://realadvisor.ch/de/immobilienpreise-pro-m2/stadt-zofingen","CHF 6’377","CHF 4’977 – 9’540*"
"1701727354-16","https://realadvisor.ch/de/immobilienpreise-pro-m2/kanton-aargau","","","Uezwil","https://realadvisor.ch/de/immobilienpreise-pro-m2/5619-uezwil","CHF 6’665","CHF 4’546 – 9’718*"
"1701727355-205","https://realadvisor.ch/de/immobilienpreise-pro-m2/kanton-aargau","","","Spreitenbach","https://realadvisor.ch/de/immobilienpreise-pro-m2/8957-spreitenbach","CHF 9’032","CHF 5’656 – 10’842*"
"1701727356-17","https://realadvisor.ch/de/immobilienpreise-pro-m2/kanton-aargau","","","Fisibach","https://realadvisor.ch/de/immobilienpreise-pro-m2/5467-fisibach","CHF 6’874","CHF 4’688 – 10’022*"
"1701727357-206","https://realadvisor.ch/de/immobilienpreise-pro-m2/kanton-aargau","","","Rheinfelden","https://realadvisor.ch/de/immobilienpreise-pro-m2/4310-rheinfelden","CHF 7’311","CHF 5’261 – 10’085*"
"1701727358-18","https://realadvisor.ch/de/immobilienpreise-pro-m2/kanton-aargau","","","Effingen","https://realadvisor.ch/de/immobilienpreise-pro-m2/5078-effingen","CHF 6’344","CHF 4’327 – 9’250*"
"1701727360-19","https://realadvisor.ch/de/immobilienpreise-pro-m2/kanton-aargau","","","Oberhof","https://realadvisor.ch/de/immobilienpreise-pro-m2/5062-oberhof","CHF 6’495","CHF 4’430 – 9’470*"
"1701727360-207","https://realadvisor.ch/de/immobilienpreise-pro-m2/kanton-aargau","","","Oftringen","https://realadvisor.ch/de/immobilienpreise-pro-m2/4665-oftringen","CHF 6’013","CHF 4’423 – 8’478*"
"1701727361-208","https://realadvisor.ch/de/immobilienpreise-pro-m2/kanton-aargau","","","Wohlen (AG)","https://realadvisor.ch/de/immobilienpreise-pro-m2/stadt-wohlen-ag","CHF 7’302","CHF 5’242 – 10’049*"
"1701727362-20","https://realadvisor.ch/de/immobilienpreise-pro-m2/kanton-aargau","","","Islisberg","https://realadvisor.ch/de/immobilienpreise-pro-m2/8905-islisberg","CHF 9’880","CHF 6’738 – 14’405*"
"1701727363-209","https://realadvisor.ch/de/immobilienpreise-pro-m2/kanton-aargau","","","Baden","https://realadvisor.ch/de/immobilienpreise-pro-m2/stadt-baden","CHF 8’373","CHF 5’680 – 10’888*"
"1701727364-21","https://realadvisor.ch/de/immobilienpreise-pro-m2/kanton-aargau","","","Bettwil","https://realadvisor.ch/de/immobilienpreise-pro-m2/5618-bettwil","CHF 6’836","CHF 4’662 – 9’967*"
"1701727365-210","https://realadvisor.ch/de/immobilienpreise-pro-m2/kanton-aargau","","","Wettingen","https://realadvisor.ch/de/immobilienpreise-pro-m2/5430-wettingen","CHF 9’194","CHF 6’610 – 12’671*"
"1701727366-22","https://realadvisor.ch/de/immobilienpreise-pro-m2/kanton-aargau","","","Besenbüren","https://realadvisor.ch/de/immobilienpreise-pro-m2/5627-besenburen","CHF 6’891","CHF 4’700 – 10’047*"
"1701727367-211","https://realadvisor.ch/de/immobilienpreise-pro-m2/kanton-aargau","","","Aarau","https://realadvisor.ch/de/immobilienpreise-pro-m2/stadt-aarau","CHF 7’644","CHF 5’357 – 10’268*"
"1701727368-23","https://realadvisor.ch/de/immobilienpreise-pro-m2/kanton-aargau","","","Siglistorf","https://realadvisor.ch/de/immobilienpreise-pro-m2/5462-siglistorf","CHF 6’458","CHF 4’404 – 9’416*"
"1701727370-24","https://realadvisor.ch/de/immobilienpreise-pro-m2/kanton-aargau","","","Schwaderloch","https://realadvisor.ch/de/immobilienpreise-pro-m2/5326-schwaderloch","CHF 5’752","CHF 3’923 – 8’386*"
"1701727372-25","https://realadvisor.ch/de/immobilienpreise-pro-m2/kanton-aargau","","","Ammerswil","https://realadvisor.ch/de/immobilienpreise-pro-m2/5600-ammerswil-ag","CHF 7’121","CHF 4’857 – 10’382*"
"1701727374-26","https://realadvisor.ch/de/immobilienpreise-pro-m2/kanton-aargau","","","Birrhard","https://realadvisor.ch/de/immobilienpreise-pro-m2/5244-birrhard","CHF 7’328","CHF 4’998 – 10’684*"
"1701727376-27","https://realadvisor.ch/de/immobilienpreise-pro-m2/kanton-aargau","","","Densbüren","https://realadvisor.ch/de/immobilienpreise-pro-m2/gemeinde-densburen","CHF 6’760","CHF 4’610 – 9’856*"
"1701727378-28","https://realadvisor.ch/de/immobilienpreise-pro-m2/kanton-aargau","","","Bözen","https://realadvisor.ch/de/immobilienpreise-pro-m2/5076-bozen","CHF 6’559","CHF 4’473 – 9’563*"
"1701727380-29","https://realadvisor.ch/de/immobilienpreise-pro-m2/kanton-aargau","","","Rietheim","https://realadvisor.ch/de/immobilienpreise-pro-m2/5323-rietheim","CHF 5’659","CHF 3’859 – 8’251*"
"1701727382-30","https://realadvisor.ch/de/immobilienpreise-pro-m2/kanton-aargau","","","Leutwil","https://realadvisor.ch/de/immobilienpreise-pro-m2/5725-leutwil","CHF 6’717","CHF 4’581 – 9’793*"
"1701727384-31","https://realadvisor.ch/de/immobilienpreise-pro-m2/kanton-aargau","","","Hellikon","https://realadvisor.ch/de/immobilienpreise-pro-m2/4316-hellikon","CHF 6’750","CHF 4’604 – 9’842*"
"1701727386-32","https://realadvisor.ch/de/immobilienpreise-pro-m2/kanton-aargau","","","Bottenwil","https://realadvisor.ch/de/immobilienpreise-pro-m2/4814-bottenwil","CHF 5’575","CHF 3’802 – 8’128*"
"1701727388-33","https://realadvisor.ch/de/immobilienpreise-pro-m2/kanton-aargau","","","Brunegg","https://realadvisor.ch/de/immobilienpreise-pro-m2/5505-brunegg","CHF 6’880","CHF 4’692 – 10’031*"
"1701727390-34","https://realadvisor.ch/de/immobilienpreise-pro-m2/kanton-aargau","","","Rottenschwil","https://realadvisor.ch/de/immobilienpreise-pro-m2/8919-rottenschwil","CHF 7’700","CHF 5’251 – 11’227*"
"1701727392-35","https://realadvisor.ch/de/immobilienpreise-pro-m2/kanton-aargau","","","Schupfart","https://realadvisor.ch/de/immobilienpreise-pro-m2/4325-schupfart","CHF 5’969","CHF 4’071 – 8’703*"
"1701727394-36","https://realadvisor.ch/de/immobilienpreise-pro-m2/kanton-aargau","","","Thalheim (AG)","https://realadvisor.ch/de/immobilienpreise-pro-m2/5112-thalheim-ag","CHF 6’763","CHF 4’612 – 9’860*"
"1701727396-37","https://realadvisor.ch/de/immobilienpreise-pro-m2/kanton-aargau","","","Schlossrued","https://realadvisor.ch/de/immobilienpreise-pro-m2/5044-schlossrued","CHF 5’874","CHF 4’006 – 8’564*"
"1701727398-38","https://realadvisor.ch/de/immobilienpreise-pro-m2/kanton-aargau","","","Kirchleerau","https://realadvisor.ch/de/immobilienpreise-pro-m2/5054-kirchleerau","CHF 6’024","CHF 4’108 – 8’783*"
"1701727400-39","https://realadvisor.ch/de/immobilienpreise-pro-m2/kanton-aargau","","","Rüfenach","https://realadvisor.ch/de/immobilienpreise-pro-m2/5235-rufenach-ag","CHF 7’251","CHF 4’945 – 10’572*"
"1701727402-40","https://realadvisor.ch/de/immobilienpreise-pro-m2/kanton-aargau","","","Hallwil","https://realadvisor.ch/de/immobilienpreise-pro-m2/5705-hallwil","CHF 6’873","CHF 4’687 – 10’021*"
"1701727404-41","https://realadvisor.ch/de/immobilienpreise-pro-m2/kanton-aargau","","","Full-Reuenthal","https://realadvisor.ch/de/immobilienpreise-pro-m2/5324-full-reuenthal","CHF 5’504","CHF 3’754 – 8’025*"
"1701727406-42","https://realadvisor.ch/de/immobilienpreise-pro-m2/kanton-aargau","","","Zuzgen","https://realadvisor.ch/de/immobilienpreise-pro-m2/4315-zuzgen","CHF 6’923","CHF 4’721 – 10’094*"
"1701727408-43","https://realadvisor.ch/de/immobilienpreise-pro-m2/kanton-aargau","","","Ueken","https://realadvisor.ch/de/immobilienpreise-pro-m2/5028-ueken","CHF 6’298","CHF 4’295 – 9’182*"
"1701727410-44","https://realadvisor.ch/de/immobilienpreise-pro-m2/kanton-aargau","","","Moosleerau","https://realadvisor.ch/de/immobilienpreise-pro-m2/5054-moosleerau","CHF 6’024","CHF 4’108 – 8’783*"
"1701727412-45","https://realadvisor.ch/de/immobilienpreise-pro-m2/kanton-aargau","","","Münchwilen (AG)","https://realadvisor.ch/de/immobilienpreise-pro-m2/4333-munchwilen-ag","CHF 5’905","CHF 4’027 – 8’609*"
"1701727414-46","https://realadvisor.ch/de/immobilienpreise-pro-m2/kanton-aargau","","","Hornussen","https://realadvisor.ch/de/immobilienpreise-pro-m2/5075-hornussen","CHF 6’080","CHF 4’147 – 8’865*"
"1701727416-47","https://realadvisor.ch/de/immobilienpreise-pro-m2/kanton-aargau","","","Rekingen (AG)","https://realadvisor.ch/de/immobilienpreise-pro-m2/5332-rekingen-ag","CHF 5’908","CHF 4’029 – 8’614*"
"1701727418-48","https://realadvisor.ch/de/immobilienpreise-pro-m2/kanton-aargau","","","Abtwil","https://realadvisor.ch/de/immobilienpreise-pro-m2/5646-abtwil-ag","CHF 7’441","CHF 5’075 – 10’849*"
"1701727420-49","https://realadvisor.ch/de/immobilienpreise-pro-m2/kanton-aargau","","","Büttikon","https://realadvisor.ch/de/immobilienpreise-pro-m2/5619-buttikon-ag","CHF 6’665","CHF 4’546 – 9’718*"
"1701727422-50","https://realadvisor.ch/de/immobilienpreise-pro-m2/kanton-aargau","","","Eggenwil","https://realadvisor.ch/de/immobilienpreise-pro-m2/5445-eggenwil","CHF 8’481","CHF 5’784 – 12’365*"
"1701727424-51","https://realadvisor.ch/de/immobilienpreise-pro-m2/kanton-aargau","","","Oeschgen","https://realadvisor.ch/de/immobilienpreise-pro-m2/5072-oeschgen","CHF 6’912","CHF 4’714 – 10’078*"
"1701727426-52","https://realadvisor.ch/de/immobilienpreise-pro-m2/kanton-aargau","","","Burg (AG)","https://realadvisor.ch/de/immobilienpreise-pro-m2/5736-burg-ag","CHF 5’713","CHF 3’896 – 8’330*"
"1701727428-53","https://realadvisor.ch/de/immobilienpreise-pro-m2/kanton-aargau","","","Gansingen","https://realadvisor.ch/de/immobilienpreise-pro-m2/5272-gansingen","CHF 5’817","CHF 3’967 – 8’481*"
"1701727430-54","https://realadvisor.ch/de/immobilienpreise-pro-m2/kanton-aargau","","","Freienwil","https://realadvisor.ch/de/immobilienpreise-pro-m2/5423-freienwil","CHF 7’862","CHF 5’362 – 11’463*"
"1701727432-55","https://realadvisor.ch/de/immobilienpreise-pro-m2/kanton-aargau","","","Wölflinswil","https://realadvisor.ch/de/immobilienpreise-pro-m2/5063-wolflinswil","CHF 6’222","CHF 4’243 – 9’072*"
"1701727434-56","https://realadvisor.ch/de/immobilienpreise-pro-m2/kanton-aargau","","","Obermumpf","https://realadvisor.ch/de/immobilienpreise-pro-m2/4324-obermumpf","CHF 6’596","CHF 4’498 – 9’617*"
"1701727436-57","https://realadvisor.ch/de/immobilienpreise-pro-m2/kanton-aargau","","","Remigen","https://realadvisor.ch/de/immobilienpreise-pro-m2/5236-remigen","CHF 6’299","CHF 4’296 – 9’184*"
"1701727439-58","https://realadvisor.ch/de/immobilienpreise-pro-m2/kanton-aargau","","","Wegenstetten","https://realadvisor.ch/de/immobilienpreise-pro-m2/4317-wegenstetten","CHF 5’945","CHF 4’054 – 8’668*"
"1701727441-59","https://realadvisor.ch/de/immobilienpreise-pro-m2/kanton-aargau","","","Mülligen","https://realadvisor.ch/de/immobilienpreise-pro-m2/5243-mulligen","CHF 7’422","CHF 5’062 – 10’821*"
"1701727443-60","https://realadvisor.ch/de/immobilienpreise-pro-m2/kanton-aargau","","","Bünzen","https://realadvisor.ch/de/immobilienpreise-pro-m2/gemeinde-bunzen","CHF 6’214","CHF 4’238 – 9’060*"
"1701727445-61","https://realadvisor.ch/de/immobilienpreise-pro-m2/kanton-aargau","","","Beinwil (Freiamt)","https://realadvisor.ch/de/immobilienpreise-pro-m2/5637-beinwil-freiamt","CHF 7’777","CHF 5’304 – 11’339*"
"1701727447-62","https://realadvisor.ch/de/immobilienpreise-pro-m2/kanton-aargau","","","Schmiedrued","https://realadvisor.ch/de/immobilienpreise-pro-m2/gemeinde-schmiedrued","CHF 6’117","CHF 4’172 – 8’919*"
"1701727449-63","https://realadvisor.ch/de/immobilienpreise-pro-m2/kanton-aargau","","","Zeihen","https://realadvisor.ch/de/immobilienpreise-pro-m2/5079-zeihen","CHF 6’918","CHF 4’718 – 10’086*"
"1701727451-64","https://realadvisor.ch/de/immobilienpreise-pro-m2/kanton-aargau","","","Mühlau","https://realadvisor.ch/de/immobilienpreise-pro-m2/5642-muhlau","CHF 8’368","CHF 5’707 – 12’201*"
"1701727453-65","https://realadvisor.ch/de/immobilienpreise-pro-m2/kanton-aargau","","","Birrwil","https://realadvisor.ch/de/immobilienpreise-pro-m2/5708-birrwil","CHF 7’354","CHF 5’015 – 10’722*"
"1701727455-66","https://realadvisor.ch/de/immobilienpreise-pro-m2/kanton-aargau","","","Tegerfelden","https://realadvisor.ch/de/immobilienpreise-pro-m2/5306-tegerfelden","CHF 6’548","CHF 4’466 – 9’547*"
"1701727457-67","https://realadvisor.ch/de/immobilienpreise-pro-m2/kanton-aargau","","","Holderbank (AG)","https://realadvisor.ch/de/immobilienpreise-pro-m2/5113-holderbank-ag","CHF 6’789","CHF 4’630 – 9’898*"
"1701727459-68","https://realadvisor.ch/de/immobilienpreise-pro-m2/kanton-aargau","","","Buttwil","https://realadvisor.ch/de/immobilienpreise-pro-m2/5632-buttwil","CHF 7’171","CHF 4’891 – 10’455*"
"1701727461-69","https://realadvisor.ch/de/immobilienpreise-pro-m2/kanton-aargau","","","Hendschiken","https://realadvisor.ch/de/immobilienpreise-pro-m2/5604-hendschiken","CHF 6’893","CHF 4’701 – 10’050*"
"1701727463-70","https://realadvisor.ch/de/immobilienpreise-pro-m2/kanton-aargau","","","Staffelbach","https://realadvisor.ch/de/immobilienpreise-pro-m2/gemeinde-staffelbach","CHF 6’091","CHF 4’154 – 8’881*"
"1701727465-71","https://realadvisor.ch/de/immobilienpreise-pro-m2/kanton-aargau","","","Dürrenäsch","https://realadvisor.ch/de/immobilienpreise-pro-m2/5724-durrenasch","CHF 6’579","CHF 4’487 – 9’592*"
"1701727467-72","https://realadvisor.ch/de/immobilienpreise-pro-m2/kanton-aargau","","","Leibstadt","https://realadvisor.ch/de/immobilienpreise-pro-m2/5325-leibstadt","CHF 5’165","CHF 3’523 – 7’531*"
"1701727469-73","https://realadvisor.ch/de/immobilienpreise-pro-m2/kanton-aargau","","","Schinznach-Bad","https://realadvisor.ch/de/immobilienpreise-pro-m2/5116-schinznach-bad","CHF 6’447","CHF 4’397 – 9’400*"
"1701727471-74","https://realadvisor.ch/de/immobilienpreise-pro-m2/kanton-aargau","","","Zetzwil","https://realadvisor.ch/de/immobilienpreise-pro-m2/5732-zetzwil","CHF 6’116","CHF 4’171 – 8’917*"
"1701727473-75","https://realadvisor.ch/de/immobilienpreise-pro-m2/kanton-aargau","","","Dietwil","https://realadvisor.ch/de/immobilienpreise-pro-m2/6042-dietwil","CHF 9’302","CHF 6’344 – 13’562*"
"1701727475-76","https://realadvisor.ch/de/immobilienpreise-pro-m2/kanton-aargau","","","Wittnau","https://realadvisor.ch/de/immobilienpreise-pro-m2/5064-wittnau","CHF 6’113","CHF 4’169 – 8’913*"
"1701727477-77","https://realadvisor.ch/de/immobilienpreise-pro-m2/kanton-aargau","","","Holziken","https://realadvisor.ch/de/immobilienpreise-pro-m2/5043-holziken","CHF 5’892","CHF 4’018 – 8’591*"
"1701727479-78","https://realadvisor.ch/de/immobilienpreise-pro-m2/kanton-aargau","","","Uerkheim","https://realadvisor.ch/de/immobilienpreise-pro-m2/4813-uerkheim","CHF 6’116","CHF 4’171 – 8’917*"
"1701727481-79","https://realadvisor.ch/de/immobilienpreise-pro-m2/kanton-aargau","","","Unterlunkhofen","https://realadvisor.ch/de/immobilienpreise-pro-m2/8918-unterlunkhofen","CHF 8’947","CHF 6’102 – 13’045*"
"1701727483-80","https://realadvisor.ch/de/immobilienpreise-pro-m2/kanton-aargau","","","Schneisingen","https://realadvisor.ch/de/immobilienpreise-pro-m2/5425-schneisingen","CHF 7’025","CHF 4’791 – 10’242*"
"1701727485-81","https://realadvisor.ch/de/immobilienpreise-pro-m2/kanton-aargau","","","Boniswil","https://realadvisor.ch/de/immobilienpreise-pro-m2/5706-boniswil","CHF 6’694","CHF 4’565 – 9’760*"
"1701727487-82","https://realadvisor.ch/de/immobilienpreise-pro-m2/kanton-aargau","","","Egliswil","https://realadvisor.ch/de/immobilienpreise-pro-m2/5704-egliswil","CHF 6’991","CHF 4’768 – 10’193*"
"1701727489-83","https://realadvisor.ch/de/immobilienpreise-pro-m2/kanton-aargau","","","Mumpf","https://realadvisor.ch/de/immobilienpreise-pro-m2/4322-mumpf","CHF 6’520","CHF 4’447 – 9’506*"
"1701727491-84","https://realadvisor.ch/de/immobilienpreise-pro-m2/kanton-aargau","","","Veltheim (AG)","https://realadvisor.ch/de/immobilienpreise-pro-m2/5106-veltheim-ag","CHF 6’316","CHF 4’308 – 9’209*"
"1701727493-85","https://realadvisor.ch/de/immobilienpreise-pro-m2/kanton-aargau","","","Aristau","https://realadvisor.ch/de/immobilienpreise-pro-m2/5628-aristau","CHF 8’136","CHF 5’549 – 11’862*"
"1701727495-86","https://realadvisor.ch/de/immobilienpreise-pro-m2/kanton-aargau","","","Riniken","https://realadvisor.ch/de/immobilienpreise-pro-m2/5223-riniken","CHF 6’824","CHF 4’654 – 9’949*"
"1701727497-87","https://realadvisor.ch/de/immobilienpreise-pro-m2/kanton-aargau","","","Herznach","https://realadvisor.ch/de/immobilienpreise-pro-m2/5027-herznach","CHF 6’391","CHF 4’359 – 9’318*"
"1701727499-88","https://realadvisor.ch/de/immobilienpreise-pro-m2/kanton-aargau","","","Tägerig","https://realadvisor.ch/de/immobilienpreise-pro-m2/5522-tagerig","CHF 7’094","CHF 4’838 – 10’343*"
"1701727501-89","https://realadvisor.ch/de/immobilienpreise-pro-m2/kanton-aargau","","","Bellikon","https://realadvisor.ch/de/immobilienpreise-pro-m2/5454-bellikon","CHF 8’628","CHF 5’884 – 12’580*"
"1701727503-90","https://realadvisor.ch/de/immobilienpreise-pro-m2/kanton-aargau","","","Wohlenschwil","https://realadvisor.ch/de/immobilienpreise-pro-m2/5512-wohlenschwil","CHF 7’128","CHF 4’861 – 10’393*"
"1701727505-91","https://realadvisor.ch/de/immobilienpreise-pro-m2/kanton-aargau","","","Reitnau","https://realadvisor.ch/de/immobilienpreise-pro-m2/gemeinde-reitnau","CHF 5’767","CHF 3’933 – 8’408*"
"1701727507-92","https://realadvisor.ch/de/immobilienpreise-pro-m2/kanton-aargau","","","Bözberg","https://realadvisor.ch/de/immobilienpreise-pro-m2/5225-bozberg","CHF 6’228","CHF 4’248 – 9’080*"
"1701727509-93","https://realadvisor.ch/de/immobilienpreise-pro-m2/kanton-aargau","","","Auenstein","https://realadvisor.ch/de/immobilienpreise-pro-m2/5105-auenstein","CHF 6’641","CHF 4’529 – 9’683*"
"1701727511-94","https://realadvisor.ch/de/immobilienpreise-pro-m2/kanton-aargau","","","Oberrüti","https://realadvisor.ch/de/immobilienpreise-pro-m2/5647-oberruti","CHF 8’880","CHF 6’056 – 12’947*"
"1701727514-95","https://realadvisor.ch/de/immobilienpreise-pro-m2/kanton-aargau","","","Hirschthal","https://realadvisor.ch/de/immobilienpreise-pro-m2/5042-hirschthal","CHF 6’444","CHF 4’395 – 9’395*"
"1701727515-96","https://realadvisor.ch/de/immobilienpreise-pro-m2/kanton-aargau","","","Biberstein","https://realadvisor.ch/de/immobilienpreise-pro-m2/5023-biberstein","CHF 7’673","CHF 5’233 – 11’187*"
"1701727517-97","https://realadvisor.ch/de/immobilienpreise-pro-m2/kanton-aargau","","","Sisseln","https://realadvisor.ch/de/immobilienpreise-pro-m2/4334-sisseln-ag","CHF 6’790","CHF 4’631 – 9’900*"
"1701727519-98","https://realadvisor.ch/de/immobilienpreise-pro-m2/kanton-aargau","","","Teufenthal (AG)","https://realadvisor.ch/de/immobilienpreise-pro-m2/5723-teufenthal-ag","CHF 6’047","CHF 4’124 – 8’817*"
"1701727521-99","https://realadvisor.ch/de/immobilienpreise-pro-m2/kanton-aargau","","","Fischbach-Göslikon","https://realadvisor.ch/de/immobilienpreise-pro-m2/5525-fischbach-goslikon","CHF 7’407","CHF 5’052 – 10’799*"
"1701727523-100","https://realadvisor.ch/de/immobilienpreise-pro-m2/kanton-aargau","","","Villnachern","https://realadvisor.ch/de/immobilienpreise-pro-m2/5213-villnachern","CHF 6’448","CHF 4’398 – 9’401*"
"1701727525-101","https://realadvisor.ch/de/immobilienpreise-pro-m2/kanton-aargau","","","Koblenz","https://realadvisor.ch/de/immobilienpreise-pro-m2/5322-koblenz","CHF 5’603","CHF 3’821 – 8’169*"
"1701727527-102","https://realadvisor.ch/de/immobilienpreise-pro-m2/kanton-aargau","","","Künten","https://realadvisor.ch/de/immobilienpreise-pro-m2/5444-kunten","CHF 7’373","CHF 5’028 – 10’750*"
"1701727530-103","https://realadvisor.ch/de/immobilienpreise-pro-m2/kanton-aargau","","","Arni (AG)","https://realadvisor.ch/de/immobilienpreise-pro-m2/8905-arni-ag","CHF 9’880","CHF 6’738 – 14’405*"
"1701727531-104","https://realadvisor.ch/de/immobilienpreise-pro-m2/kanton-aargau","","","Vordemwald","https://realadvisor.ch/de/immobilienpreise-pro-m2/4803-vordemwald","CHF 5’954","CHF 4’061 – 8’681*"
"1701727535-105","https://realadvisor.ch/de/immobilienpreise-pro-m2/kanton-aargau","","","Wallbach","https://realadvisor.ch/de/immobilienpreise-pro-m2/4323-wallbach","CHF 7’436","CHF 5’071 – 10’842*"
"1701727537-106","https://realadvisor.ch/de/immobilienpreise-pro-m2/kanton-aargau","","","Mettauertal","https://realadvisor.ch/de/immobilienpreise-pro-m2/gemeinde-mettauertal","CHF 5’839","CHF 3’982 – 8’513*"
"1701727539-107","https://realadvisor.ch/de/immobilienpreise-pro-m2/kanton-aargau","","","Oberlunkhofen","https://realadvisor.ch/de/immobilienpreise-pro-m2/8917-oberlunkhofen","CHF 9’125","CHF 6’223 – 13’304*"
"1701727541-108","https://realadvisor.ch/de/immobilienpreise-pro-m2/kanton-aargau","","","Fahrwangen","https://realadvisor.ch/de/immobilienpreise-pro-m2/5615-fahrwangen","CHF 6’580","CHF 4’488 – 9’594*"
"1701727543-109","https://realadvisor.ch/de/immobilienpreise-pro-m2/kanton-aargau","","","Jonen","https://realadvisor.ch/de/immobilienpreise-pro-m2/8916-jonen","CHF 8’911","CHF 6’077 – 12’992*"
"1701727545-110","https://realadvisor.ch/de/immobilienpreise-pro-m2/kanton-aargau","","","Killwangen","https://realadvisor.ch/de/immobilienpreise-pro-m2/8956-killwangen","CHF 9’034","CHF 6’161 – 13’172*"
"1701727547-111","https://realadvisor.ch/de/immobilienpreise-pro-m2/kanton-aargau","","","Remetschwil","https://realadvisor.ch/de/immobilienpreise-pro-m2/5453-remetschwil","CHF 8’128","CHF 5’543 – 11’851*"
"1701727549-112","https://realadvisor.ch/de/immobilienpreise-pro-m2/kanton-aargau","","","Villigen","https://realadvisor.ch/de/immobilienpreise-pro-m2/gemeinde-villigen","CHF 6’911","CHF 4’713 – 10’076*"
"1701727551-113","https://realadvisor.ch/de/immobilienpreise-pro-m2/kanton-aargau","","","Auw","https://realadvisor.ch/de/immobilienpreise-pro-m2/5644-auw","CHF 7’660","CHF 5’224 – 11’168*"
"1701727553-114","https://realadvisor.ch/de/immobilienpreise-pro-m2/kanton-aargau","","","Mägenwil","https://realadvisor.ch/de/immobilienpreise-pro-m2/5506-magenwil","CHF 7’232","CHF 4’932 – 10’544*"
"1701727555-115","https://realadvisor.ch/de/immobilienpreise-pro-m2/kanton-aargau","","","Gontenschwil","https://realadvisor.ch/de/immobilienpreise-pro-m2/5728-gontenschwil","CHF 5’573","CHF 3’801 – 8’125*"
"1701727557-116","https://realadvisor.ch/de/immobilienpreise-pro-m2/kanton-aargau","","","Leuggern","https://realadvisor.ch/de/immobilienpreise-pro-m2/gemeinde-leuggern","CHF 5’823","CHF 3’971 – 8’490*"
"1701727559-117","https://realadvisor.ch/de/immobilienpreise-pro-m2/kanton-aargau","","","Dintikon","https://realadvisor.ch/de/immobilienpreise-pro-m2/5606-dintikon","CHF 7’131","CHF 4’863 – 10’397*"
"1701727561-118","https://realadvisor.ch/de/immobilienpreise-pro-m2/kanton-aargau","","","Schinznach","https://realadvisor.ch/de/immobilienpreise-pro-m2/gemeinde-schinznach","CHF 6’077","CHF 4’145 – 8’860*"
"1701727563-119","https://realadvisor.ch/de/immobilienpreise-pro-m2/kanton-aargau","","","Stetten (AG)","https://realadvisor.ch/de/immobilienpreise-pro-m2/5608-stetten-ag","CHF 7’275","CHF 4’962 – 10’607*"
"1701727565-120","https://realadvisor.ch/de/immobilienpreise-pro-m2/kanton-aargau","","","Eiken","https://realadvisor.ch/de/immobilienpreise-pro-m2/5074-eiken","CHF 6’548","CHF 4’466 – 9’547*"
"1701727567-121","https://realadvisor.ch/de/immobilienpreise-pro-m2/kanton-aargau","","","Zeiningen","https://realadvisor.ch/de/immobilienpreise-pro-m2/4314-zeiningen","CHF 6’874","CHF 4’688 – 10’022*"
"1701727569-122","https://realadvisor.ch/de/immobilienpreise-pro-m2/kanton-aargau","","","Oberwil-Lieli","https://realadvisor.ch/de/immobilienpreise-pro-m2/8966-oberwil-lieli","CHF 10’165","CHF 6’933 – 14’821*"
"1701727571-123","https://realadvisor.ch/de/immobilienpreise-pro-m2/kanton-aargau","","","Hägglingen","https://realadvisor.ch/de/immobilienpreise-pro-m2/5607-hagglingen","CHF 7’035","CHF 4’798 – 10’257*"
"1701727573-124","https://realadvisor.ch/de/immobilienpreise-pro-m2/kanton-aargau","","","Endingen","https://realadvisor.ch/de/immobilienpreise-pro-m2/gemeinde-endingen","CHF 6’745","CHF 4’600 – 9’834*"
"1701727575-125","https://realadvisor.ch/de/immobilienpreise-pro-m2/kanton-aargau","","","Kaisten","https://realadvisor.ch/de/immobilienpreise-pro-m2/gemeinde-kaisten","CHF 6’441","CHF 4’393 – 9’391*"
"1701727577-126","https://realadvisor.ch/de/immobilienpreise-pro-m2/kanton-aargau","","","Oberkulm","https://realadvisor.ch/de/immobilienpreise-pro-m2/5727-oberkulm","CHF 5’845","CHF 3’986 – 8’522*"
"1701727579-127","https://realadvisor.ch/de/immobilienpreise-pro-m2/kanton-aargau","","","Lengnau (AG)","https://realadvisor.ch/de/immobilienpreise-pro-m2/5426-lengnau-ag","CHF 6’727","CHF 4’588 – 9’808*"
"1701727581-128","https://realadvisor.ch/de/immobilienpreise-pro-m2/kanton-aargau","","","Boswil","https://realadvisor.ch/de/immobilienpreise-pro-m2/5623-boswil","CHF 6’756","CHF 4’608 – 9’850*"
"1701727583-129","https://realadvisor.ch/de/immobilienpreise-pro-m2/kanton-aargau","","","Othmarsingen","https://realadvisor.ch/de/immobilienpreise-pro-m2/5504-othmarsingen","CHF 6’885","CHF 4’696 – 10’038*"
"1701727585-130","https://realadvisor.ch/de/immobilienpreise-pro-m2/kanton-aargau","","","Bergdietikon","https://realadvisor.ch/de/immobilienpreise-pro-m2/8962-bergdietikon","CHF 10’034","CHF 6’843 – 14’630*"
"1701727587-131","https://realadvisor.ch/de/immobilienpreise-pro-m2/kanton-aargau","","","Niederwil (AG)","https://realadvisor.ch/de/immobilienpreise-pro-m2/gemeinde-niederwil-ag","CHF 6’864","CHF 4’681 – 10’008*"
"1701727589-132","https://realadvisor.ch/de/immobilienpreise-pro-m2/kanton-aargau","","","Sarmenstorf","https://realadvisor.ch/de/immobilienpreise-pro-m2/5614-sarmenstorf","CHF 7’290","CHF 4’972 – 10’629*"
"1701727591-133","https://realadvisor.ch/de/immobilienpreise-pro-m2/kanton-aargau","","","Waltenschwil","https://realadvisor.ch/de/immobilienpreise-pro-m2/5622-waltenschwil","CHF 6’999","CHF 4’773 – 10’205*"
"1701727593-134","https://realadvisor.ch/de/immobilienpreise-pro-m2/kanton-aargau","","","Murgenthal","https://realadvisor.ch/de/immobilienpreise-pro-m2/gemeinde-murgenthal","CHF 5’561","CHF 3’793 – 8’108*"
"1701727595-135","https://realadvisor.ch/de/immobilienpreise-pro-m2/kanton-aargau","","","Meisterschwanden","https://realadvisor.ch/de/immobilienpreise-pro-m2/gemeinde-meisterschwanden","CHF 7’540","CHF 5’142 – 10’993*"
"1701727597-136","https://realadvisor.ch/de/immobilienpreise-pro-m2/kanton-aargau","","","Turgi","https://realadvisor.ch/de/immobilienpreise-pro-m2/5300-turgi","CHF 7’290","CHF 4’972 – 10’629*"
"1701727599-137","https://realadvisor.ch/de/immobilienpreise-pro-m2/kanton-aargau","","","Birmenstorf (AG)","https://realadvisor.ch/de/immobilienpreise-pro-m2/5413-birmenstorf-ag","CHF 7’739","CHF 5’278 – 11’283*"
"1701727601-138","https://realadvisor.ch/de/immobilienpreise-pro-m2/kanton-aargau","","","Schafisheim","https://realadvisor.ch/de/immobilienpreise-pro-m2/5503-schafisheim","CHF 6’327","CHF 4’315 – 9’225*"
"1701727603-139","https://realadvisor.ch/de/immobilienpreise-pro-m2/kanton-aargau","","","Lupfig","https://realadvisor.ch/de/immobilienpreise-pro-m2/gemeinde-lupfig","CHF 6’525","CHF 4’450 – 9’513*"
"1701727606-140","https://realadvisor.ch/de/immobilienpreise-pro-m2/kanton-aargau","","","Unterkulm","https://realadvisor.ch/de/immobilienpreise-pro-m2/5726-unterkulm","CHF 5’663","CHF 3’862 – 8’257*"
"1701727608-141","https://realadvisor.ch/de/immobilienpreise-pro-m2/kanton-aargau","","","Beinwil am See","https://realadvisor.ch/de/immobilienpreise-pro-m2/5712-beinwil-am-see","CHF 7’231","CHF 4’932 – 10’543*"
"1701727610-142","https://realadvisor.ch/de/immobilienpreise-pro-m2/kanton-aargau","","","Stein (AG)","https://realadvisor.ch/de/immobilienpreise-pro-m2/4332-stein-ag","CHF 6’419","CHF 4’378 – 9’359*"
"1701727612-143","https://realadvisor.ch/de/immobilienpreise-pro-m2/kanton-aargau","","","Staufen","https://realadvisor.ch/de/immobilienpreise-pro-m2/5603-staufen","CHF 7’085","CHF 4’832 – 10’330*"
"1701727614-144","https://realadvisor.ch/de/immobilienpreise-pro-m2/kanton-aargau","","","Klingnau","https://realadvisor.ch/de/immobilienpreise-pro-m2/5313-klingnau","CHF 6’271","CHF 4’277 – 9’143*"
"1701727616-145","https://realadvisor.ch/de/immobilienpreise-pro-m2/kanton-aargau","","","Ennetbaden","https://realadvisor.ch/de/immobilienpreise-pro-m2/5408-ennetbaden","CHF 9’800","CHF 6’684 – 14’288*"
"1701727618-146","https://realadvisor.ch/de/immobilienpreise-pro-m2/kanton-aargau","","","Gipf-Oberfrick","https://realadvisor.ch/de/immobilienpreise-pro-m2/5073-gipf-oberfrick","CHF 6’832","CHF 4’659 – 9’961*"
"1701727620-147","https://realadvisor.ch/de/immobilienpreise-pro-m2/kanton-aargau","","","Merenschwand","https://realadvisor.ch/de/immobilienpreise-pro-m2/gemeinde-merenschwand","CHF 7’795","CHF 5’316 – 11’365*"
"1701727622-148","https://realadvisor.ch/de/immobilienpreise-pro-m2/kanton-aargau","","","Hausen (AG)","https://realadvisor.ch/de/immobilienpreise-pro-m2/5212-hausen-ag","CHF 7’240","CHF 4’938 – 10’556*"
"1701727624-149","https://realadvisor.ch/de/immobilienpreise-pro-m2/kanton-aargau","","","Laufenburg","https://realadvisor.ch/de/immobilienpreise-pro-m2/gemeinde-laufenburg","CHF 5’935","CHF 4’048 – 8’653*"
"1701727626-150","https://realadvisor.ch/de/immobilienpreise-pro-m2/kanton-aargau","","","Widen","https://realadvisor.ch/de/immobilienpreise-pro-m2/8967-widen","CHF 9’919","CHF 6’765 – 14’462*"
"1701727628-151","https://realadvisor.ch/de/immobilienpreise-pro-m2/kanton-aargau","","","Safenwil","https://realadvisor.ch/de/immobilienpreise-pro-m2/5745-safenwil","CHF 5’976","CHF 4’076 – 8’713*"
"1701727630-152","https://realadvisor.ch/de/immobilienpreise-pro-m2/kanton-aargau","","","Muhen","https://realadvisor.ch/de/immobilienpreise-pro-m2/5037-muhen","CHF 6’320","CHF 4’310 – 9’215*"
"1701727632-153","https://realadvisor.ch/de/immobilienpreise-pro-m2/kanton-aargau","","","Dottikon","https://realadvisor.ch/de/immobilienpreise-pro-m2/5605-dottikon","CHF 6’687","CHF 4’561 – 9’750*"
"1701727634-154","https://realadvisor.ch/de/immobilienpreise-pro-m2/kanton-aargau","","","Döttingen","https://realadvisor.ch/de/immobilienpreise-pro-m2/5312-dottingen","CHF 6’179","CHF 4’214 – 9’009*"
"1701727636-155","https://realadvisor.ch/de/immobilienpreise-pro-m2/kanton-aargau","","","Brittnau","https://realadvisor.ch/de/immobilienpreise-pro-m2/4805-brittnau","CHF 5’914","CHF 4’033 – 8’623*"
"1701727638-156","https://realadvisor.ch/de/immobilienpreise-pro-m2/kanton-aargau","","","Magden","https://realadvisor.ch/de/immobilienpreise-pro-m2/4312-magden","CHF 8’038","CHF 5’482 – 11’719*"
"1701727640-157","https://realadvisor.ch/de/immobilienpreise-pro-m2/kanton-aargau","","","Seengen","https://realadvisor.ch/de/immobilienpreise-pro-m2/5707-seengen","CHF 8’039","CHF 5’483 – 11’721*"
"1701727642-158","https://realadvisor.ch/de/immobilienpreise-pro-m2/kanton-aargau","","","Böttstein","https://realadvisor.ch/de/immobilienpreise-pro-m2/gemeinde-bottstein","CHF 6’648","CHF 4’534 – 9’693*"
"1701727644-159","https://realadvisor.ch/de/immobilienpreise-pro-m2/kanton-aargau","","","Niederrohrdorf","https://realadvisor.ch/de/immobilienpreise-pro-m2/5443-niederrohrdorf","CHF 7’806","CHF 5’324 – 11’381*"
"1701727646-160","https://realadvisor.ch/de/immobilienpreise-pro-m2/kanton-aargau","","","Hunzenschwil","https://realadvisor.ch/de/immobilienpreise-pro-m2/5502-hunzenschwil","CHF 6’617","CHF 4’513 – 9’648*"
"1701727648-161","https://realadvisor.ch/de/immobilienpreise-pro-m2/kanton-aargau","","","Unterentfelden","https://realadvisor.ch/de/immobilienpreise-pro-m2/5035-unterentfelden","CHF 6’435","CHF 4’389 – 9’382*"
"1701727650-162","https://realadvisor.ch/de/immobilienpreise-pro-m2/kanton-aargau","","","Oberrohrdorf","https://realadvisor.ch/de/immobilienpreise-pro-m2/5452-oberrohrdorf","CHF 8’869","CHF 6’049 – 12’931*"
"1701727652-163","https://realadvisor.ch/de/immobilienpreise-pro-m2/kanton-aargau","","","Erlinsbach (AG)","https://realadvisor.ch/de/immobilienpreise-pro-m2/gemeinde-erlinsbach-ag","CHF 7’268","CHF 4’957 – 10’597*"
"1701727654-164","https://realadvisor.ch/de/immobilienpreise-pro-m2/kanton-aargau","","","Bad Zurzach","https://realadvisor.ch/de/immobilienpreise-pro-m2/5330-bad-zurzach","CHF 5’601","CHF 3’820 – 8’166*"
"1701727656-165","https://realadvisor.ch/de/immobilienpreise-pro-m2/kanton-aargau","","","Schöftland","https://realadvisor.ch/de/immobilienpreise-pro-m2/5040-schoftland","CHF 5’812","CHF 3’964 – 8’474*"
"1701727658-166","https://realadvisor.ch/de/immobilienpreise-pro-m2/kanton-aargau","","","Sins","https://realadvisor.ch/de/immobilienpreise-pro-m2/gemeinde-sins","CHF 8’205","CHF 5’596 – 11’963*"
"1701727660-167","https://realadvisor.ch/de/immobilienpreise-pro-m2/kanton-aargau","","","Kölliken","https://realadvisor.ch/de/immobilienpreise-pro-m2/5742-kolliken","CHF 6’039","CHF 4’119 – 8’805*"
"1701727662-168","https://realadvisor.ch/de/immobilienpreise-pro-m2/kanton-aargau","","","Möriken-Wildegg","https://realadvisor.ch/de/immobilienpreise-pro-m2/gemeinde-moriken-wildegg","CHF 6’733","CHF 4’592 – 9’817*"
"1701727664-169","https://realadvisor.ch/de/immobilienpreise-pro-m2/kanton-aargau","","","Zufikon","https://realadvisor.ch/de/immobilienpreise-pro-m2/5621-zufikon","CHF 7’933","CHF 5’410 – 11’566*"
"1701727666-170","https://realadvisor.ch/de/immobilienpreise-pro-m2/kanton-aargau","","","Rudolfstetten-Friedlisberg","https://realadvisor.ch/de/immobilienpreise-pro-m2/8964-rudolfstetten","CHF 9’399","CHF 6’410 – 13’704*"
"1701727668-171","https://realadvisor.ch/de/immobilienpreise-pro-m2/kanton-aargau","","","Birr","https://realadvisor.ch/de/immobilienpreise-pro-m2/5242-birr","CHF 6’523","CHF 4’449 – 9’511*"
"1701727670-172","https://realadvisor.ch/de/immobilienpreise-pro-m2/kanton-aargau","","","Würenlingen","https://realadvisor.ch/de/immobilienpreise-pro-m2/5303-wurenlingen","CHF 6’315","CHF 4’307 – 9’207*"
"1701727672-173","https://realadvisor.ch/de/immobilienpreise-pro-m2/kanton-aargau","","","Berikon","https://realadvisor.ch/de/immobilienpreise-pro-m2/8965-berikon","CHF 9’295","CHF 6’339 – 13’552*"
"1701727674-174","https://realadvisor.ch/de/immobilienpreise-pro-m2/kanton-aargau","","","Niederlenz","https://realadvisor.ch/de/immobilienpreise-pro-m2/5702-niederlenz","CHF 7’213","CHF 4’919 – 10’517*"
"1701727676-175","https://realadvisor.ch/de/immobilienpreise-pro-m2/kanton-aargau","","","Strengelbach","https://realadvisor.ch/de/immobilienpreise-pro-m2/4802-strengelbach","CHF 5’943","CHF 4’053 – 8’665*"
"1701727678-176","https://realadvisor.ch/de/immobilienpreise-pro-m2/kanton-aargau","","","Ehrendingen","https://realadvisor.ch/de/immobilienpreise-pro-m2/5420-ehrendingen","CHF 7’706","CHF 5’255 – 11’235*"
"1701727680-177","https://realadvisor.ch/de/immobilienpreise-pro-m2/kanton-aargau","","","Seon","https://realadvisor.ch/de/immobilienpreise-pro-m2/5703-seon","CHF 6’572","CHF 4’482 – 9’582*"
"1701727682-178","https://realadvisor.ch/de/immobilienpreise-pro-m2/kanton-aargau","","","Gebenstorf","https://realadvisor.ch/de/immobilienpreise-pro-m2/gemeinde-gebenstorf","CHF 7’756","CHF 5’290 – 11’308*"
"1701727684-179","https://realadvisor.ch/de/immobilienpreise-pro-m2/kanton-aargau","","","Rupperswil","https://realadvisor.ch/de/immobilienpreise-pro-m2/5102-rupperswil","CHF 6’640","CHF 4’528 – 9’681*"
"1701727686-180","https://realadvisor.ch/de/immobilienpreise-pro-m2/kanton-aargau","","","Mellingen","https://realadvisor.ch/de/immobilienpreise-pro-m2/5507-mellingen","CHF 7’265","CHF 4’955 – 10’592*"
"1701727688-181","https://realadvisor.ch/de/immobilienpreise-pro-m2/kanton-aargau","","","Fislisbach","https://realadvisor.ch/de/immobilienpreise-pro-m2/5442-fislisbach","CHF 7’965","CHF 5’432 – 11’613*"
"1701727690-182","https://realadvisor.ch/de/immobilienpreise-pro-m2/kanton-aargau","","","Frick","https://realadvisor.ch/de/immobilienpreise-pro-m2/5070-frick","CHF 6’452","CHF 4’400 – 9’407*"
"1701727692-183","https://realadvisor.ch/de/immobilienpreise-pro-m2/kanton-aargau","","","Kaiseraugst","https://realadvisor.ch/de/immobilienpreise-pro-m2/4303-kaiseraugst","CHF 7’933","CHF 5’410 – 11’566*"
"1701727694-184","https://realadvisor.ch/de/immobilienpreise-pro-m2/kanton-aargau","","","Küttigen","https://realadvisor.ch/de/immobilienpreise-pro-m2/gemeinde-kuttigen","CHF 7’170","CHF 4’890 – 10’454*"
"1701727696-185","https://realadvisor.ch/de/immobilienpreise-pro-m2/kanton-aargau","","","Menziken","https://realadvisor.ch/de/immobilienpreise-pro-m2/5737-menziken","CHF 6’032","CHF 4’114 – 8’795*"
"1701727698-186","https://realadvisor.ch/de/immobilienpreise-pro-m2/kanton-aargau","","","Würenlos","https://realadvisor.ch/de/immobilienpreise-pro-m2/gemeinde-wurenlos","CHF 8’673","CHF 5’915 – 12’645*"
"1701727700-187","https://realadvisor.ch/de/immobilienpreise-pro-m2/kanton-aargau","","","Untersiggenthal","https://realadvisor.ch/de/immobilienpreise-pro-m2/gemeinde-untersiggenthal","CHF 7’752","CHF 5’287 – 11’302*"
"1701727702-188","https://realadvisor.ch/de/immobilienpreise-pro-m2/kanton-aargau","","","Villmergen","https://realadvisor.ch/de/immobilienpreise-pro-m2/gemeinde-villmergen","CHF 7’260","CHF 4’951 – 10’585*"
"1701727704-189","https://realadvisor.ch/de/immobilienpreise-pro-m2/kanton-aargau","","","Windisch","https://realadvisor.ch/de/immobilienpreise-pro-m2/5210-windisch","CHF 7’246","CHF 4’942 – 10’565*"
"1701727706-190","https://realadvisor.ch/de/immobilienpreise-pro-m2/kanton-aargau","","","Gränichen","https://realadvisor.ch/de/immobilienpreise-pro-m2/5722-granichen","CHF 6’271","CHF 4’277 – 9’143*"
"1701727708-191","https://realadvisor.ch/de/immobilienpreise-pro-m2/kanton-aargau","","","Bremgarten (AG)","https://realadvisor.ch/de/immobilienpreise-pro-m2/gemeinde-bremgarten-ag","CHF 7’772","CHF 5’301 – 11’332*"
"1701727710-192","https://realadvisor.ch/de/immobilienpreise-pro-m2/kanton-aargau","","","Muri (AG)","https://realadvisor.ch/de/immobilienpreise-pro-m2/5630-muri-ag","CHF 7’562","CHF 5’157 – 11’025*"
"1701727712-193","https://realadvisor.ch/de/immobilienpreise-pro-m2/kanton-aargau","","","Buchs (AG)","https://realadvisor.ch/de/immobilienpreise-pro-m2/5033-buchs-ag","CHF 6’619","CHF 4’514 – 9’651*"
"1701727714-194","https://realadvisor.ch/de/immobilienpreise-pro-m2/kanton-aargau","","","Aarburg","https://realadvisor.ch/de/immobilienpreise-pro-m2/4663-aarburg","CHF 5’876","CHF 4’007 – 8’567*"
"1701727716-195","https://realadvisor.ch/de/immobilienpreise-pro-m2/kanton-aargau","","","Oberentfelden","https://realadvisor.ch/de/immobilienpreise-pro-m2/5036-oberentfelden","CHF 6’035","CHF 4’116 – 8’799*"
"1701727718-196","https://realadvisor.ch/de/immobilienpreise-pro-m2/kanton-aargau","","","Reinach (AG)","https://realadvisor.ch/de/immobilienpreise-pro-m2/5734-reinach-ag","CHF 5’829","CHF 3’975 – 8’499*"
"1701727720-197","https://realadvisor.ch/de/immobilienpreise-pro-m2/kanton-aargau","","","Obersiggenthal","https://realadvisor.ch/de/immobilienpreise-pro-m2/gemeinde-obersiggenthal","CHF 8’492","CHF 5’792 – 12’381*"
"1701727722-198","https://realadvisor.ch/de/immobilienpreise-pro-m2/kanton-aargau","","","Neuenhof","https://realadvisor.ch/de/immobilienpreise-pro-m2/5432-neuenhof","CHF 8’621","CHF 5’880 – 12’569*"
"1701727724-199","https://realadvisor.ch/de/immobilienpreise-pro-m2/kanton-aargau","","","Rothrist","https://realadvisor.ch/de/immobilienpreise-pro-m2/4852-rothrist","CHF 6’463","CHF 4’408 – 9’423*"
"1701727726-200","https://realadvisor.ch/de/immobilienpreise-pro-m2/kanton-aargau","","","Suhr","https://realadvisor.ch/de/immobilienpreise-pro-m2/5034-suhr","CHF 6’626","CHF 4’519 – 9’661*"
"1701727728-201","https://realadvisor.ch/de/immobilienpreise-pro-m2/kanton-aargau","","","Lenzburg","https://realadvisor.ch/de/immobilienpreise-pro-m2/5600-lenzburg","CHF 7’121","CHF 4’857 – 10’382*"
"1701727730-202","https://realadvisor.ch/de/immobilienpreise-pro-m2/kanton-aargau","","","Möhlin","https://realadvisor.ch/de/immobilienpreise-pro-m2/4313-mohlin","CHF 7’820","CHF 5’333 – 11’402*"
"1701727732-203","https://realadvisor.ch/de/immobilienpreise-pro-m2/kanton-aargau","","","Brugg","https://realadvisor.ch/de/immobilienpreise-pro-m2/stadt-brugg","CHF 7’224","CHF 4’927 – 10’533*"
"1701727734-204","https://realadvisor.ch/de/immobilienpreise-pro-m2/kanton-aargau","","","Zofingen","https://realadvisor.ch/de/immobilienpreise-pro-m2/stadt-zofingen","CHF 6’377","CHF 4’349 – 9’298*"
"1701727736-205","https://realadvisor.ch/de/immobilienpreise-pro-m2/kanton-aargau","","","Spreitenbach","https://realadvisor.ch/de/immobilienpreise-pro-m2/8957-spreitenbach","CHF 9’032","CHF 6’160 – 13’169*"
"1701727738-206","https://realadvisor.ch/de/immobilienpreise-pro-m2/kanton-aargau","","","Rheinfelden","https://realadvisor.ch/de/immobilienpreise-pro-m2/4310-rheinfelden","CHF 7’311","CHF 4’986 – 10’659*"
"1701727740-207","https://realadvisor.ch/de/immobilienpreise-pro-m2/kanton-aargau","","","Oftringen","https://realadvisor.ch/de/immobilienpreise-pro-m2/4665-oftringen","CHF 6’013","CHF 4’101 – 8’767*"
